{
  "input_path": "data/20230403-kiritori",
  "merged_data": [
    {
      "file_path": "data/20230403-kiritori/PIC_point4_1200.jpg",
      "file_name": "PIC_point4_1200.jpg",
      "bbox_info": [
        {
          "xmin": 1800,
          "ymin": 1830,
          "xmax": 2040,
          "ymax": 2010,
          "confidence": 0.7604297996,
          "class": 5,
          "name": "square_box_w_marker_front_side"
        },
        {
          "xmin": 2501,
          "ymin": 1518,
          "xmax": 2788,
          "ymax": 1872,
          "confidence": 0.6121305823,
          "class": 4,
          "name": "square_box_w_marker_front_side"
        },
        {
          "xmin": 3543,
          "ymin": 1552,
          "xmax": 3856,
          "ymax": 1956,
          "confidence": 0.5755448937,
          "class": 3,
          "name": "connector"
        }
      ],
      "mask_info": [
        {
          "class_name": "pipe",
          "contour": [
            [[889, 578]],
            [[888, 579]],
            [[887, 579]],
            [[887, 596]],
            [[886, 597]],
            [[886, 653]],
            [[887, 654]],
            [[887, 713]],
            [[888, 714]],
            [[888, 735]],
            [[889, 736]],
            [[889, 745]],
            [[890, 746]],
            [[890, 749]],
            [[891, 750]],
            [[891, 753]],
            [[892, 754]],
            [[892, 757]],
            [[893, 758]],
            [[893, 759]],
            [[894, 760]],
            [[894, 761]],
            [[897, 764]],
            [[898, 764]],
            [[899, 763]],
            [[900, 763]],
            [[905, 758]],
            [[906, 758]],
            [[913, 751]],
            [[913, 750]],
            [[914, 749]],
            [[914, 747]],
            [[915, 746]],
            [[915, 738]],
            [[916, 737]],
            [[916, 706]],
            [[915, 705]],
            [[915, 637]],
            [[914, 636]],
            [[914, 627]],
            [[913, 626]],
            [[913, 620]],
            [[912, 619]],
            [[912, 591]],
            [[911, 590]],
            [[911, 586]],
            [[910, 585]],
            [[910, 584]],
            [[907, 581]],
            [[906, 581]],
            [[905, 580]],
            [[904, 580]],
            [[903, 579]],
            [[901, 579]],
            [[900, 578]]
          ],
          "confidence": 0.3661523759365082
        },
        {
          "class_name": "pipe",
          "contour": [
            [[563, 6]],
            [[562, 7]],
            [[561, 7]],
            [[560, 8]],
            [[560, 269]],
            [[561, 270]],
            [[561, 284]],
            [[562, 285]],
            [[562, 290]],
            [[563, 291]],
            [[563, 293]],
            [[564, 294]],
            [[564, 296]],
            [[565, 297]],
            [[565, 299]],
            [[566, 300]],
            [[566, 302]],
            [[567, 303]],
            [[567, 306]],
            [[568, 307]],
            [[568, 310]],
            [[569, 311]],
            [[569, 313]],
            [[570, 314]],
            [[570, 316]],
            [[572, 318]],
            [[572, 319]],
            [[573, 320]],
            [[573, 322]],
            [[574, 323]],
            [[574, 325]],
            [[575, 326]],
            [[575, 329]],
            [[576, 330]],
            [[576, 333]],
            [[577, 334]],
            [[577, 339]],
            [[578, 340]],
            [[578, 344]],
            [[579, 345]],
            [[579, 348]],
            [[580, 349]],
            [[580, 351]],
            [[581, 352]],
            [[581, 356]],
            [[582, 357]],
            [[582, 364]],
            [[583, 365]],
            [[583, 376]],
            [[584, 377]],
            [[584, 385]],
            [[585, 386]],
            [[585, 391]],
            [[586, 392]],
            [[586, 395]],
            [[587, 396]],
            [[587, 398]],
            [[588, 399]],
            [[588, 401]],
            [[589, 402]],
            [[589, 406]],
            [[590, 407]],
            [[590, 411]],
            [[592, 413]],
            [[592, 414]],
            [[594, 416]],
            [[597, 416]],
            [[598, 417]],
            [[603, 417]],
            [[608, 412]],
            [[608, 410]],
            [[609, 409]],
            [[609, 397]],
            [[610, 396]],
            [[610, 387]],
            [[609, 386]],
            [[609, 374]],
            [[608, 373]],
            [[608, 367]],
            [[607, 366]],
            [[607, 362]],
            [[606, 361]],
            [[606, 355]],
            [[605, 354]],
            [[605, 349]],
            [[604, 348]],
            [[604, 344]],
            [[603, 343]],
            [[603, 340]],
            [[602, 339]],
            [[602, 338]],
            [[601, 337]],
            [[601, 336]],
            [[600, 335]],
            [[600, 333]],
            [[599, 332]],
            [[599, 329]],
            [[598, 328]],
            [[598, 324]],
            [[597, 323]],
            [[597, 320]],
            [[596, 319]],
            [[596, 316]],
            [[595, 315]],
            [[595, 313]],
            [[594, 312]],
            [[594, 310]],
            [[593, 309]],
            [[593, 307]],
            [[592, 306]],
            [[592, 304]],
            [[591, 303]],
            [[591, 299]],
            [[590, 298]],
            [[590, 292]],
            [[589, 291]],
            [[589, 286]],
            [[588, 285]],
            [[588, 281]],
            [[587, 280]],
            [[587, 278]],
            [[586, 277]],
            [[586, 276]],
            [[585, 275]],
            [[585, 273]],
            [[584, 272]],
            [[584, 269]],
            [[583, 268]],
            [[583, 263]],
            [[582, 262]],
            [[582, 256]],
            [[581, 255]],
            [[581, 250]],
            [[580, 249]],
            [[580, 245]],
            [[579, 244]],
            [[579, 241]],
            [[578, 240]],
            [[578, 238]],
            [[577, 237]],
            [[577, 233]],
            [[576, 232]],
            [[576, 227]],
            [[575, 226]],
            [[575, 216]],
            [[574, 215]],
            [[574, 203]],
            [[573, 202]],
            [[573, 192]],
            [[572, 191]],
            [[572, 183]],
            [[571, 182]],
            [[571, 178]],
            [[570, 177]],
            [[570, 173]],
            [[569, 172]],
            [[569, 167]],
            [[568, 166]],
            [[568, 156]],
            [[567, 155]],
            [[567, 44]],
            [[568, 43]],
            [[568, 34]],
            [[569, 33]],
            [[569, 30]],
            [[570, 29]],
            [[570, 27]],
            [[571, 26]],
            [[571, 23]],
            [[572, 22]],
            [[572, 20]],
            [[573, 19]],
            [[573, 14]],
            [[574, 13]],
            [[574, 8]],
            [[573, 8]],
            [[571, 6]]
          ],
          "confidence": 0.34760528802871704
        }
      ]
    },
    {
      "file_path": "data/20230403-kiritori/PIC_point2.jpg",
      "file_name": "PIC_point2.jpg",
      "bbox_info": [
        {
          "xmin": 4261,
          "ymin": 1766,
          "xmax": 4542,
          "ymax": 1966,
          "confidence": 0.8671263456,
          "class": 9,
          "name": "square_box_w_marker_front_side"
        },
        {
          "xmin": 4777,
          "ymin": 1704,
          "xmax": 5001,
          "ymax": 2052,
          "confidence": 0.7987324595,
          "class": 9,
          "name": "square_box_w_marker_front_side"
        },
        {
          "xmin": 5601,
          "ymin": 1813,
          "xmax": 6082,
          "ymax": 2068,
          "confidence": 0.7969229221,
          "class": 9,
          "name": "square_box_w_marker_front_side"
        }
      ],